store_id,store_name,location,demographics
1,bjwszpomzq,New Ronaldshire,###
2,iitffgpjnx,Unknown123,###
3,dsxglrcpwq,Unknown123,Structure pay music.
4,Wyatt-Wood,Unknown123,###
5,dxtlafduzn,Unknown123,###
6,Day PLC,Lake Alexisburgh,###
7,wchqyxvqqi,Unknown123,###
8,Hill-Pope,New Mariahberg,###
9,xwegajlxzm,Paulaburgh,###
10,mdxjquiydo,Unknown123,Example meeting.
11,obnlxaqgtt,Fieldsfurt,Partner about life.
12,mzahhhybne,Laurenland,Any approach few.
13,vcluojqcca,Mitchellton,###
14,kvenletydb,Unknown123,###
15,Gonzalez-Woods,Unknown123,###
16,Murphy Ltd,South Marvin,###
17,Smith PLC,West Brandon,Some offer course.
18,Schultz-Cooper,North Linda,###
19,"Flores, Bauer and Davis",Unknown123,You TV position.
20,"Arnold, Fisher and Melton",Unknown123,###
21,Schroeder-Arias,Unknown123,###
22,cyumuymctd,New Courtneyshire,###
23,rfxntjnilg,Teresachester,###
24,ozqirwecef,Unknown123,###
25,mjycauioum,Unknown123,###
26,"Munoz, Everett and Johnson",Lindafurt,###
27,itgnvooidu,Unknown123,###
28,"Martinez, Dean and Avila",Unknown123,###
29,bizrejhznj,Unknown123,Really daughter.
30,"Colon, Brock and Williamson",Unknown123,Ground understand.
31,rwjulqfkbf,Unknown123,###
32,hjcyincqzt,West Kendra,Foot near argue.
33,yoopxktzgl,Henryville,Loss method enough.
34,votrqdtejq,Michelleville,Church for focus.
35,"Tate, Baker and Brown",Unknown123,###
36,bsvqidxoiz,Unknown123,Series site bad.
37,bgrjntvdei,Unknown123,Mind hotel success.
38,aaigvfvhix,Unknown123,###
39,"Henry, Dunn and Friedman",Unknown123,###
40,mripnrbwpi,Unknown123,Skill operation.
41,Martin Inc,Unknown123,###
42,Yang-Gilbert,Unknown123,Between teacher.
43,afiawqidvd,Hallbury,###
44,kxpgdepysz,Michaelfurt,###
45,Washington-Collins,Unknown123,Collection.
46,Cochran-Meadows,Jonesport,###
47,zcsjwyqest,Unknown123,###
48,xpkstbykol,Unknown123,###
49,Maddox-Lawson,Unknown123,###
50,ibzpgdaluq,Unknown123,Involve tax concern.
51,Wells-Hill,Unknown123,Or believe case.
52,Juarez-Freeman,Unknown123,###
53,Calhoun Inc,Charlesside,Type month upon.
54,Moore-Quinn,East Carlfurt,###
55,tdgbmzfofs,South Ana,Force each usually.
56,uquyikpqjh,Baileyview,Check space.
57,numhemfxgq,North Sarachester,Child interview.
58,gosmcyomvy,North Steven,Pick know voice.
59,Moody and Sons,Port Paula,Cell work guess.
60,Jackson-Fischer,Perrybury,Fact memory market.
61,rpzqoahkkj,West Deborahborough,###
62,dntvqdpshe,Unknown123,Ready degree sort.
63,fykypesgwh,Unknown123,###
64,Williams-Buchanan,Unknown123,Cultural security.
65,Warren-Simon,Rubenmouth,Bit likely marriage.
66,lsfilubsrg,Staffordburgh,Especially director.
67,Morris-Shannon,Lake Amanda,###
68,"Hammond, Martinez and Cooper",Unknown123,Enjoy remain style.
69,qiudiguima,Unknown123,###
70,Davis-Yu,Unknown123,Talk or interview.
71,clhzqidfnq,Unknown123,Check require.
72,Hickman Inc,Bethanychester,Party tax.
73,"Mills, Patel and Walter",Smithville,Every say set.
74,ewbtopjxka,Unknown123,Word attorney stock.
75,Hood-Gilbert,Unknown123,Or collection.
76,Rivera LLC,Shannonshire,Maintain type.
77,"Carrillo, Marshall and Oliver",Unknown123,Significant these.
78,James-Knox,Unknown123,Check fish despite.
79,Howe-Phelps,Martinhaven,###
80,djugcqvthz,New Jamiebury,###
81,"French, Mendez and Doyle",North Kristen,Man read operation.
82,Brady-Werner,Unknown123,###
83,Reeves LLC,Unknown123,Draw enter lay may.
84,mqdstyquua,Unknown123,Officer away memory.
85,"Williams, Brown and Aguilar",Unknown123,On play interview.
86,Graham LLC,East Jerryview,###
87,Schmidt PLC,Unknown123,###
88,Elliott-Zimmerman,Unknown123,Almost beautiful.
89,lejawmkbza,Unknown123,President politics.
90,Nelson-Beck,Unknown123,Character again.
91,exrbtcloyy,Unknown123,###
92,zoufbnompu,Rasmussenland,###
93,jxeeqfxfvv,West Jamesmouth,Financial direction.
94,yrgqvzijop,Jessicastad,Try less team less.
95,Schwartz-Miller,Unknown123,Heavy fill those.
96,Baker-Rice,Myersfurt,I arm consumer cup.
97,pdtmoqvkez,East Danafort,###
98,vmkufitqxd,Sarahhaven,###
99,rtqpjyrpuc,North Darleneshire,Cup financial best.
100,wkjjofovkk,Unknown123,Five administration.
101,sthvlwdoyd,Dawnport,His each anything.
102,"Johnson, Ruiz and Hill",West Crystalberg,###
103,iybdqnyhkt,North Suzanne,Result natural stay.
104,ssvuocafsy,Unknown123,Sometimes there out.
105,vrhpcvwmkd,Unknown123,Media should.
106,Cruz Group,Lake Dylanfurt,Dog continue.
107,mpvbcrbpxl,Port Aprilport,Miss paper author.
108,Hill Ltd,Unknown123,###
109,Lowery and Sons,Port Mauriceport,###
110,Thompson-Cruz,Jenniferside,###
111,Stevens-Hodge,Unknown123,###
112,bswxdsdvut,Unknown123,Above let leader.
113,Berry-Garcia,Unknown123,Necessary tree meet.
114,ixwsaveuhg,East Amy,###
115,kvlvpdmmia,Unknown123,Matter ball range.
116,ngnrbdisoq,Unknown123,###
117,Mueller and Sons,Unknown123,Page study since.
118,"Lee, Green and Conley",Port Carol,Language wind.
119,npanrtryhk,South Anthony,###
120,fpwlubhetx,Unknown123,Challenge.
121,vjkcvsffgp,Lake Marioburgh,###
122,"Cuevas, Hogan and Wong",Unknown123,Institution word.
123,Brown LLC,Unknown123,###
124,"Simpson, Golden and Hunt",Unknown123,Throw sea would.
125,qrxfhpimhf,Teresaland,Force address with.
126,Harrington PLC,Unknown123,Several like after.
127,zoudcltmbm,South Scott,Age group kind.
128,Davis-Randall,Unknown123,###
129,"Thompson, Wong and Dougherty",Unknown123,Heart decade.
130,hvtgxtrrrx,Kariview,Agreement with.
131,Lewis Ltd,Unknown123,Listen leader begin.
132,"Cole, White and Gonzales",Unknown123,###
133,lnmqkgawdi,Unknown123,Particularly wear.
134,Barnes and Sons,Nicolestad,###
135,bogcusypan,New Jon,Close understand.
136,tzvkqtzayc,Unknown123,###
137,idruhqfptc,East Susan,Run those hotel eat.
138,oyjylymhuv,Michaelville,Until special.
139,ghjwaopulc,Lake Christophertown,Treatment no reveal.
140,jcevfwcidi,Samanthafort,###
141,"Burke, Dunn and Powers",Elizabethborough,Southern place.
142,"Rollins, Mercado and Hall",Fullerville,Garden week seat.
143,cwymyolvun,New Brandihaven,###
144,uuxufellrv,Unknown123,Item south cup sort.
145,ggytgcsgrj,Williamsstad,His apply for every.
146,mvpoaikxdh,Unknown123,###
147,"Black, Stephenson and Lara",Unknown123,Drop of economic.
148,bvwgoqypmh,Wangchester,Back provide fall.
149,fhvfebhqrr,Unknown123,###
150,pcsbcwcnnf,Unknown123,###
151,dlmspnfoul,Unknown123,Collection close.
152,Walton and Sons,Melissabury,Then station finish.
153,Watson-Barrera,Unknown123,###
154,"Lucas, Decker and Walters",Finleytown,###
155,"Lopez, Sutton and Lynn",Kevinfort,###
156,Harris Group,Connerview,###
157,"Roberts, Moore and Gutierrez",Unknown123,Really parent body.
158,xxsnziazkm,Unknown123,Center require.
159,iazkcjffxv,Unknown123,Effect tax under.
160,"Faulkner, Garrison and Cardenas",Unknown123,###
161,ygpvcujmuh,Unknown123,###
162,vebqxybrlh,Unknown123,From amount buy.
163,Kelley PLC,Huffmouth,###
164,xrdpmpuyxa,Millerville,Consider detail.
165,wzftqhwzgv,New Stephanie,###
166,"Flores, Houston and Thompson",North Jeffreyport,Once technology.
167,csdxjbqfsv,South Johnborough,Point cultural.
168,Bennett-Bishop,West Angelaberg,Item discuss beat.
169,Wiggins Ltd,South Brittney,Fire reason number.
170,dqlgizbqbl,East Brian,Indicate church.
171,yffukjzkyl,Port Charlene,###
172,"Marquez, Hanson and Keith",Unknown123,###
173,nokhsbjbez,Unknown123,Recognize expert.
174,"Munoz, Rowe and Hunter",Lake Kristinview,###
175,trjyjvhexf,Unknown123,Election product.
176,pkozhffejx,Port Michelleville,###
177,"Lindsey, Joseph and Ortiz",New Franciscomouth,Could police would.
178,"Thomas, Vasquez and Anderson",Unknown123,###
179,"Ball, Kramer and Olson",Unknown123,###
180,nkvnhizomw,Farrelltown,###
181,"Rogers, Cobb and Wade",Katelynmouth,###
182,impkmrouzf,Michealstad,Score relationship.
183,Edwards Inc,North Michael,Spring ability.
184,Friedman Group,South Peggy,Space ready man.
185,Keith Inc,Unknown123,Nature behind.
186,"Barrera, Jones and Garrett",Kennedyport,Force red daughter.
187,Smith Group,Unknown123,###
188,nmrejkgqge,Unknown123,Billion stage try.
189,Carter Inc,East Kennethtown,###
190,jrwkcjuqlu,Unknown123,Notice laugh can.
191,"Padilla, Reed and Hall",Port Juanfurt,###
192,zppihmctcd,Unknown123,Level huge to there.
193,King and Sons,Unknown123,###
194,skssjcjqsg,Samanthaville,Anything member.
195,"Baker, Arnold and Bryan",Unknown123,Whatever issue.
196,zyhtpnlitw,Allenstad,Maintain I face.
197,"White, Mcdaniel and Martinez",Unknown123,###
198,yxigkwhcqd,Unknown123,###
199,"Love, Cox and Wolf",Unknown123,Service learn.
200,Mullins Group,Unknown123,###
201,Dennis Group,Unknown123,###
202,kgxtttmkgz,Castillotown,###
203,Kelly LLC,Unknown123,###
204,nqmptfszuy,West Brittanymouth,###
205,Doyle-Morales,Bowersberg,Interest thousand.
206,Odonnell-Smith,Adammouth,Since major phone.
207,hziommuwfw,Sweeneybury,Anything approach.
208,vdykijphtv,Unknown123,Add property.
209,xzmrvmhuip,Unknown123,Expert approach.
210,Clarke-Cunningham,Unknown123,Clear tend degree.
211,wwiucocoyq,Unknown123,###
212,"Miller, Cohen and Hall",Unknown123,###
213,Smith-Paul,Richardsonmouth,Although school.
214,kqcpuxukpk,Unknown123,###
215,spxmcccqlg,East Philipside,###
216,Miller Ltd,Unknown123,Argue current.
217,fqgrirknep,Unknown123,Later together.
218,"Carson, Parker and Huerta",North Alexander,###
219,kceeweowrf,Christopherfort,###
220,toajuxfkin,Unknown123,###
221,jvnpccbbse,Unknown123,Enjoy start this.
222,Le-Thomas,Lake Alfredside,###
223,"Gonzalez, Allen and Williams",Velasquezfort,Machine partner.
224,gfznbvrbtx,Unknown123,###
225,Solomon LLC,Rossbury,###
226,lbcgliemtn,Unknown123,Security focus.
227,qujrfuungt,Lake Mark,###
228,yaacowxwtz,Kimberlyburgh,###
229,mhxbrlxsdb,Howardside,###
230,"Wise, Ritter and Roberts",Kathymouth,###
231,"Floyd, Miranda and Marquez",Unknown123,###
232,Perez and Sons,Unknown123,###
233,fzhpzsodjy,South Daniel,Sister subject.
234,goicziztlg,Unknown123,###
235,ozneqxpjol,Kingburgh,Box daughter.
236,iyhmldlsyq,Unknown123,###
237,"Obrien, Weber and Lopez",New Jennifer,###
238,lipeibbxqw,West Shannonmouth,###
239,"Chambers, Woodward and Lewis",Douglasborough,###
240,wooefltfuz,Unknown123,###
241,appuuqpets,North Bradleyshire,###
242,fziwiffsdf,East Benjamin,###
243,hmugyuieot,Port Joseside,Law throughout.
244,Griffith-Payne,Unknown123,###
245,White-Simpson,Cartermouth,###
246,uljgfjhwon,Lake Laurie,###
247,Rush Group,New David,###
248,"Sanchez, Berry and Tucker",Lake Jonathanmouth,East second produce.
249,eguzqdcgxu,Unknown123,###
250,vdqkrxehlq,South Brittany,Trial throughout.
251,"Price, Mcguire and Ortega",Turnerview,###
252,mrubptkykx,Unknown123,Effect six amount.
253,olpvjmpvas,Jacobbury,###
254,"Guerrero, Salas and Duarte",Eddiebury,Develop spring.
255,"Rodriguez, Lewis and Daniels",Unknown123,###
256,"Brown, Oliver and Huynh",Unknown123,Issue whether.
257,nfotubdfbz,North Thomas,###
258,"Stone, Leblanc and Crawford",Unknown123,General under.
259,Smith-Robinson,Hernandezbury,###
260,xonwbfaewz,Unknown123,###
261,moedunzhzr,Unknown123,Listen friend.
262,auzucapoml,Bryanfurt,Yes section to eat.
263,"Sandoval, Green and Watson",South Marialand,###
264,rpmddjlezw,Unknown123,Born chance.
265,qpaujosxdk,Unknown123,Occur present.
266,Miranda LLC,Timothyville,Serve fish two drug.
267,Parrish-Walsh,Unknown123,Do because.
268,vsommbtflt,Justinchester,###
269,odkwhswotx,Timothyland,###
270,"Olson, Coleman and Goodwin",Unknown123,Soldier who leader.
271,vsjjhxiqkj,East Manuelberg,Property training.
272,vhdcupopqd,Flemingberg,Nation window.
273,Riddle Ltd,Unknown123,###
274,siofpesrnd,Frostshire,Wide vote rise test.
275,qcwpxqaopo,Stevensonhaven,###
276,"Kim, Sims and Jackson",Unknown123,###
277,zhmmzudgzk,Unknown123,Animal marriage.
278,Mitchell-Ross,Unknown123,Particular reflect.
279,Holmes-Smith,Unknown123,###
280,giaoujwani,New Lisa,Thank attention.
281,Dodson PLC,Unknown123,Left Democrat.
282,wlgmxvbtwr,Davenportchester,They lawyer family.
283,"Owens, Conner and Scott",Unknown123,###
284,Lester PLC,Unknown123,At though consider.
285,mheprkzrby,Unknown123,Address late staff.
286,Bass-Becker,Unknown123,###
287,"Blake, Wall and Anderson",Port Patriciaberg,###
288,"Herrera, Luna and Valenzuela",Palmerton,###
289,xyzxehczcd,Unknown123,###
290,Lopez-Cook,Smithshire,Soon life task one.
291,uchkwamwef,Lake Timothychester,###
292,"Francis, Gonzalez and Watson",North Vincentchester,###
293,cqvjwfneyn,Unknown123,###
294,Pitts Inc,Unknown123,###
295,"Perez, Garcia and Logan",Unknown123,###
296,Smith-Meyers,Unknown123,Decade Mr writer.
297,Fisher Ltd,South William,Business sometimes.
298,Glover-Dyer,Unknown123,###
299,Brown-Wood,Lake Gina,Above who training.
300,kuwelbsaix,Unknown123,###
301,Smith and Sons,Unknown123,Rule road bar.
302,ggbsjgqxct,Unknown123,Feel task center.
303,"Robinson, Simpson and Adkins",Unknown123,###
304,Olson Ltd,Unknown123,Big especially.
305,jpxtauuojk,Lake Deborahfurt,Great of much group.
306,vxqeyqbbnl,North Margaret,With child third.
307,"Steele, Perry and Knox",New Heather,Notice water spring.
308,zelfdowemz,Dianehaven,Billion cause focus.
309,"Sullivan, Newman and Saunders",Unknown123,###
310,zgepbokbdq,Unknown123,###
311,tqslmhwskj,Unknown123,Deal leader side.
312,olrrecoyog,New Kimberly,Heavy sense always.
313,prhcfvtaib,Johnsonton,###
314,ofegohikdq,Unknown123,###
315,hbanxilviq,New Amy,Face land same.
316,sywbmtntfh,Unknown123,###
317,bxkqcxlecs,Rollinsbury,###
318,Ortiz-White,New Joshua,###
319,vsrfyzvqag,Port Bryan,Speak also deep.
320,"Webb, Roberts and Holmes",Unknown123,###
321,"Le, Mitchell and Nelson",Williamfort,###
322,wicizwttcw,Unknown123,###
323,ihsobftztt,South Erika,###
324,nnbtynsmli,Unknown123,Leader impact party.
325,"Reid, Wilson and Schmitt",West Caitlin,From stuff kind.
326,Rice Inc,Unknown123,###
327,yhptgomegr,Unknown123,Guess base table.
328,nyrrfbksxo,Unknown123,###
329,"Conrad, Rice and Friedman",East Brianchester,Husband far reality.
330,Sullivan-Lawson,Unknown123,Piece keep us gas.
331,lbresmfioo,Unknown123,###
332,Wright Ltd,Unknown123,###
333,qwjyinmnil,Unknown123,Board one into.
334,Lane-Reyes,Unknown123,Truth while raise.
335,euyhoetyzt,Johnbury,###
336,ovjpgitktm,Bowenfurt,Who successful.
337,ebkvwlpgte,Unknown123,###
338,vzbtaqpsrj,Unknown123,###
339,amfwylthag,Unknown123,Wide time statement.
340,Salas PLC,Unknown123,###
341,iibyfuszed,Lake Chelseamouth,###
342,psntetbcaj,Unknown123,During crime.
343,visqeefuze,Christopherport,Sell consumer in.
344,Garcia-Morris,South Kyle,Case off certainly.
345,Scott-Gonzalez,Unknown123,###
346,"Barnes, Mccullough and Thomas",Unknown123,Throughout into.
347,mepdtldrmp,Anthonyfurt,###
348,pzvyogkrbm,Unknown123,###
349,Haney-Davis,South Annamouth,Account last school.
350,Kelly-Hughes,Unknown123,###
351,Davis-Jones,Nicholsland,Staff offer.
352,Moran-Mendez,East Amber,###
353,Brown PLC,Unknown123,###
354,hulrgvpfrl,Lake Robert,###
355,mqywqscfvp,Port David,Once action brother.
356,"Kline, Watts and Kelly",Port Brent,###
357,jjehwnvfkl,Unknown123,###
358,jhmqjlrweu,New Dawn,###
359,Becker and Sons,Unknown123,Congress accept.
360,jcvzearfvs,Lake Jonathan,Because know son.
361,lyoosdxnxr,Unknown123,###
362,deyrmafrhb,Unknown123,Season oil gun.
363,vhyyeummkk,Unknown123,Hair others trial.
364,Ortiz Ltd,Unknown123,Over than.
365,Cooper Ltd,West Kelly,News without about.
366,rylnkyfgqh,Unknown123,Its deep since yet.
367,mxzdadgfbs,North Jamesshire,###
368,Schneider-Decker,East Mark,###
369,Dean PLC,Gonzalezchester,Agreement impact.
370,bujnkabguv,Vaughnmouth,Middle pretty.
371,Sellers-Underwood,Turnerstad,Answer teacher note.
372,kitemigfiw,Unknown123,###
373,kjbkllngmp,Unknown123,###
374,"Hamilton, Bean and Harvey",Maryshire,###
375,iaghzexmin,Unknown123,Example quite sign.
376,ewbdydipig,Unknown123,Election year yes.
377,Walker-Henderson,Unknown123,Do trouble nation.
378,xzbdvmralk,Unknown123,###
379,Washington-Tate,Unknown123,Card culture total.
380,Williams Group,Unknown123,Those source agency.
381,Grant-Sandoval,Unknown123,###
382,ohahvnjmtq,East Jennifermouth,###
383,Robinson-Davis,West Christian,###
384,hizcousbus,Unknown123,###
385,Ponce-Bradley,Unknown123,Firm minute alone.
386,Martin-Galloway,Unknown123,Food ok institution.
387,liqllwywgn,Unknown123,Help line political.
388,Smith Inc,Unknown123,###
389,psdyukaagt,Unknown123,###
390,tzksmubhwr,Unknown123,Even blood student.
391,Archer-West,Anthonyshire,###
392,"Hutchinson, Flores and Brown",Unknown123,Push from interview.
393,eftprtdidr,Unknown123,###
394,kqkyjkfpcv,Unknown123,###
395,Vargas-Edwards,Unknown123,###
396,"Davenport, Patel and Brown",Unknown123,Floor single.
397,xbmngyrivr,Unknown123,Congress central.
398,Lee-Salazar,Unknown123,###
399,iibbkshqus,Calvinside,###
400,uywsllvkne,Unknown123,Accept discuss.
401,ghghzjyeyf,New Olivia,###
402,snnnahrznz,Unknown123,###
403,tfrhbkqrlh,West Melissa,###
404,Garza-Graham,Unknown123,###
405,yhnmdrlwvn,South Jeffrey,###
406,Mccarty-Bowers,Unknown123,###
407,ipqnjvnlgf,Unknown123,Raise wonder into.
408,olzojafmkk,Unknown123,Common husband skin.
409,mliwiqzpps,Lorifort,###
410,jtbivtshys,West Isaiahmouth,Various lot base.
411,Jones PLC,Emilyport,Far they spend.
412,ftymihypth,Unknown123,###
413,bjztjkfxhx,Unknown123,Authority project.
414,Ramos Inc,South Michelle,###
415,zauutopcbf,Susanland,###
416,izsizgzwla,Unknown123,###
417,fodsgutsvh,Unknown123,###
418,dydbaibndb,Unknown123,###
419,"Brooks, Pierce and Bray",Richardmouth,###
420,vgfeyzviop,Unknown123,###
421,Weber-Herrera,Unknown123,###
422,krljqnyfrt,Unknown123,Scientist song.
423,Hernandez Inc,Unknown123,Me small war world.
424,alzywtpcnc,Unknown123,Experience around.
425,Bailey-Roberts,Unknown123,###
426,raotfikohf,Chelseymouth,Within career.
427,Smith and Sons,Balltown,###
428,qytganpeln,Unknown123,Both claim.
429,qoasmsumyu,North Christopher,###
430,syvuicxgfp,Port Jasonland,Star toward second.
431,mqaxtbsgpc,Unknown123,Seek sound growth.
432,iguiqctlzq,Unknown123,Later organization.
433,Randolph Group,New Edwardfurt,###
434,"Garcia, Boyd and Mahoney",Johnsonport,As indeed next rule.
435,bhtlnyhryk,Unknown123,###
436,Robinson-Guzman,West Kayla,###
437,Baxter Inc,West Kathleenborough,###
438,crydeujgma,Unknown123,Billion put thank.
439,uquagqfxaj,Unknown123,###
440,gmdfzbbowv,Lake Crystal,###
441,oadgsptydf,Stewartview,###
442,ikxfsqorjh,Ericaburgh,###
443,Hurst Group,Andersonview,###
444,retmcjlbqy,Unknown123,###
445,niyiavnlke,Bryanhaven,###
446,ezqkuzeqsw,Popehaven,Good him black my.
447,qlnymejqvq,Unknown123,###
448,Beltran-Scott,Christopherton,Step tax probably.
449,kovqlfuknf,Unknown123,###
450,xhfdmbabwu,Penningtonbury,###
451,vwkslrgwky,Unknown123,###
452,xfjamcyzmn,Unknown123,###
453,ovobwfdlsf,Unknown123,Owner suddenly same.
454,Fuller Ltd,Thomashaven,###
455,Reyes-Turner,South Danielville,###
456,"Johnson, Smith and Howard",Baldwinshire,Really still day.
457,Jones-Mueller,Unknown123,###
458,fzkgiuajls,Davidtown,Environment my.
459,Thompson Group,East Amanda,Pull forward doctor.
460,vmzaerhcfb,Unknown123,Economic though.
461,fyxregorab,Unknown123,###
462,Thomas-Wells,Unknown123,Where authority.
463,Brown-Barnett,West Claudia,###
464,imzzguospx,Lake Joshualand,###
465,"Levine, James and Bell",Unknown123,Statement go high.
466,ypbvkmsjpy,East Joshuaside,###
467,"Hurley, Patel and Elliott",Unknown123,Entire later author.
468,Thompson-Patel,Galvanport,###
469,flnygiwwdl,Unknown123,###
470,"Hill, Smith and Campbell",Unknown123,Have feel drive.
471,prbrgzdmpw,Unknown123,###
472,Williams-Hernandez,Unknown123,###
473,ztpxijeisl,Unknown123,Conference deal.
474,Vaughn PLC,West Amber,North these.
475,"Simmons, Washington and Brown",Unknown123,Produce brother.
476,Wallace Inc,Unknown123,###
477,Wilson Inc,Unknown123,###
478,Wilkerson-Banks,Rossshire,###
479,"Wells, Figueroa and Miller",Unknown123,Million remain.
480,Brown PLC,Unknown123,Energy size region.
481,cocpxwwjsv,Unknown123,###
482,yjnlqyqnea,Port Rogerview,Education million.
483,tffrdgzaml,New Brittany,Big happy bag spend.
484,prcetpoqxi,Unknown123,College two.
485,sanyaweeii,Unknown123,Road issue without.
486,axolcyhpov,Unknown123,###
487,Robinson-Hobbs,Unknown123,Rest type education.
488,kmvyphlvur,Sabrinaton,Long then change.
489,"Chambers, Bell and Evans",Unknown123,###
490,ynfndjhyis,Unknown123,Could identify.
491,tjvorlzyna,Lake Glenn,Produce cup image.
492,huahcqvhkr,Figueroabury,###
493,Anderson-Gibson,Martinhaven,Lead type four gun.
494,Oneal-Sanders,Unknown123,Although be task.
495,jduxonknti,Unknown123,Nice back road.
496,Compton LLC,Unknown123,List action.
497,"Brown, Bradshaw and Thompson",Wardmouth,Share fish road.
498,fvxopjkxnd,Unknown123,###
499,rvmcjjpsya,Michaelton,###
500,"Ryan, Chang and Lopez",Mooremouth,Sister another.
501,kzdycwmpbx,Unknown123,She relate project.
502,Simmons-Ferguson,New Ronaldbury,For man indicate.
503,Dickerson Inc,Brownfort,Truth others.
504,"Ray, Harvey and Woods",Unknown123,Real matter artist.
505,Austin PLC,Lake Mary,Natural skin size.
506,urmibugvll,Robertshaven,###
507,Hayes-White,Geraldmouth,###
508,Morgan-Mccarthy,West Jessicastad,Answer despite.
509,rievbbbwyu,Meyerview,###
510,hpcyhqpduj,Unknown123,###
511,Mills-Hale,West Keith,###
512,"Smith, Carson and Vaughan",Port Susan,Large to day.
513,Simon Ltd,Unknown123,###
514,Anderson-Huang,Rioston,Positive security.
515,"Brown, James and Allen",Unknown123,Task staff fact.
516,ijilqioiye,West Aliciaport,Mother discover.
517,xjzjupugog,Wilsonland,###
518,eiebsxpafo,Port Samantha,###
519,ahasbsiacv,New Kathy,Song tough nation.
520,Aguilar-Williams,Unknown123,Spring music left.
521,unhxaxpagn,Unknown123,###
522,yvvjjymfwx,Peterfurt,Stock despite seven.
523,Medina-Garza,Unknown123,Mouth medical about.
524,hitogwadyq,Toddland,###
525,aladuztzow,Kempfort,Wide maintain every.
526,xsgahkopug,Frankchester,###
527,ojyasrpugf,Davidport,Particular up keep.
528,Johnson LLC,Unknown123,###
529,Nelson and Sons,Thomasville,Ago rate in.
530,elgytmqstc,New Christopherburgh,Kind player set.
531,Conrad PLC,South Joseph,###
532,nssjyvzezr,North Aprilland,Moment choice none.
533,Hartman LLC,Davidstad,West pay factor.
534,fttyvlnlvq,Martinstad,Major little body.
535,eqsvzjnkak,Lake Jeffreymouth,Political hold bank.
536,"Woods, Hill and Williams",Unknown123,Recognize machine.
537,"Thomas, Lopez and Wilson",Unknown123,###
538,eamxzjqgov,Unknown123,###
539,Knapp PLC,Unknown123,###
540,"Shelton, Snyder and White",New Katelynmouth,###
541,Black-Pittman,Unknown123,###
542,"Sims, Drake and Gutierrez",Unknown123,###
543,Wright-Thompson,Unknown123,Wear close peace.
544,nqccupkkwf,Monicafort,Sometimes father.
545,"Walker, Smith and Mitchell",Unknown123,See day treat on.
546,nclooewchu,Unknown123,###
547,gyfpgayajv,South Troy,Note kid reach so.
548,guxgtwmdwn,East Jamie,###
549,wughaqhnhz,Unknown123,Five condition.
550,dopxthdjqc,Rileyshire,Night follow who.
551,Anderson-Huffman,Patrickstad,###
552,gmeirtdozy,Unknown123,Difficult cell.
553,mxexdcmbep,Unknown123,###
554,vvlxpfwukq,Loganborough,City garden go at.
555,Jones-Lopez,North Christinaview,Ok war wait day.
556,"Wilson, Zimmerman and Rowe",Watersstad,###
557,qtalttnbbz,Michaelburgh,###
558,aodtmqnzvf,Unknown123,Two professional.
559,gxibzgfhue,Unknown123,###
560,"Anderson, Jones and Jenkins",Unknown123,Resource similar.
561,voccbhfauh,Unknown123,###
562,agidgotrbx,Meganside,###
563,qalnednmbj,Unknown123,###
564,"Kim, Bush and Ferguson",Unknown123,Discover begin leg.
565,Koch-Howard,Unknown123,Seek dog shake.
566,"Long, Lopez and Carter",Bobbyview,Care inside.
567,Moore-Williams,Ortizville,###
568,Wilson-Cunningham,Unknown123,Local soon prove.
569,Jackson PLC,Unknown123,###
570,Lewis PLC,Unknown123,Crime southern.
571,ildxhuhmge,Unknown123,###
572,bmipilmhby,Patriciaton,###
573,bsvbtgdorm,Unknown123,###
574,Donaldson and Sons,Unknown123,While total since.
575,"Mason, Chapman and Jimenez",Unknown123,###
576,Chambers-Flores,Unknown123,Such though.
577,"Mcguire, Morales and Flynn",North Sarah,###
578,Arnold-Wolfe,Kaitlinborough,###
579,ipolpsqxhp,Unknown123,Forget somebody.
580,typqvxvbwf,Unknown123,###
581,kmoxrffkpr,Russomouth,###
582,Holland-Martinez,Christopherberg,Morning rather.
583,gkvemhfwdg,Unknown123,###
584,lcqhpqtvay,Unknown123,###
585,jiqncscvsm,New Jeremy,Run really up house.
586,jbpapnmzxx,Unknown123,Pattern room gun.
587,"Bell, Wells and Delgado",Unknown123,###
588,jsojkkxcbw,Unknown123,###
589,vfnsrjqqpq,Lake Heatherview,Land responsibility.
590,ayoosmessa,Unknown123,Focus his enough.
591,"Williams, Mosley and Gonzalez",Unknown123,Policy good law.
592,"Lee, Rhodes and Skinner",Unknown123,Interest his.
593,"Carrillo, Bowers and Cruz",Unknown123,###
594,kyoavwvbmx,Nunezland,###
595,uaelhkwljc,Unknown123,###
596,Webster-Short,Meganland,###
597,Caldwell Group,Andrewville,###
598,"Rodriguez, Collins and Clark",Sherryville,###
599,Leon-Cox,Unknown123,Natural report.
600,seroopwxhu,Dennisview,Candidate worker.
601,uxiujqvqhd,Smithside,###
602,Freeman Group,Kington,Baby feeling.
603,vokjdwhjgg,West Timothy,###
604,kilwukisrl,Unknown123,###
605,ivhvdynzic,Unknown123,###
606,Price-Mayo,Karenborough,Table town mother.
607,tsqsqehqvu,Unknown123,###
608,opkptjmyqf,Unknown123,Way rich require.
609,jloqufhyzr,Unknown123,###
610,Gonzalez Group,Sarahberg,Board stock those.
611,bmbnhtpexs,West Carolyn,Pay follow possible.
612,mrsuovfvru,Unknown123,###
613,rivwvaqspn,Lake Michael,Something notice.
614,"Webb, Brooks and Moses",Markberg,Hair government.
615,Jennings-Luna,Unknown123,Analysis special.
616,"Navarro, Osborn and Pittman",Zimmermanfort,Myself deal quickly.
617,bnuyorneuc,Unknown123,###
618,rpfqttkvdm,Unknown123,###
619,"Grant, Nichols and Smith",Unknown123,###
620,Lester-Zuniga,North Andrea,Officer hair bad.
621,Brown Group,Unknown123,###
622,Lewis-Bond,Unknown123,###
623,Rice-Ramirez,Unknown123,###
624,Arellano-Anderson,Unknown123,###
625,ewfjyuafcn,New Bonnieborough,Most high structure.
626,ithombqabv,Lake Cynthia,###
627,"Young, Clarke and Brown",Unknown123,Three state simple.
628,xifpkqfllp,Unknown123,###
629,toufbrmazh,Unknown123,Instead tough rock.
630,uvkqvyyiln,Daviesfort,Force your.
631,szfzyejqfi,East Brittany,###
632,chtphoysdv,Unknown123,Per citizen usually.
633,sjxixmanug,Unknown123,###
634,Weaver-Hayes,Amberville,###
635,vxtctdetef,Weissport,Down politics.
636,tschphdhdz,Unknown123,Bad group southern.
637,spbhbrlrlv,Unknown123,Ability floor game.
638,gtimfahpej,Williamschester,###
639,oxczfufnbt,Unknown123,Firm organization.
640,umndglzdus,Unknown123,Fill order attack.
641,Chen-Collins,New Morganberg,###
642,"Beasley, Butler and White",Lake Aaron,Matter kitchen name.
643,Anderson-Jarvis,New Marcusshire,Actually behind.
644,pyycovqoyh,East Davidtown,###
645,"Roth, Ferguson and Ortega",Unknown123,###
646,oikgwalcom,Unknown123,Process blue summer.
647,fnncyhvihl,Lake Julieland,Evidence seem.
648,Johnson and Sons,East Crystal,Religious face.
649,pjiysvmibk,Port Jerryshire,Boy charge happy.
650,Phillips-Stanley,Burtonchester,Into piece.
651,ypsfimpdte,South Andrea,###
652,Wilcox Inc,Barronside,Throw body couple.
653,English and Sons,Unknown123,Bed rock trial west.
654,qmlhzqsqlq,Unknown123,Hour international.
655,Fleming Inc,South Alberthaven,Safe herself once.
656,"Williams, Burnett and Wagner",Jeremyside,Support resource.
657,Miller LLC,Unknown123,Anything dog figure.
658,rzwcupjapy,New Jacquelinefort,Economy cell also.
659,"Franklin, Whitaker and Myers",Dannyview,###
660,lnjrbggrdw,South Aaron,Cut despite foot.
661,Bryant-Wallace,Unknown123,###
662,aefdvhwkba,Harperton,###
663,tbwsqkpwyx,Unknown123,Accept enough.
664,yloonvmznr,Unknown123,###
665,gbvzbaxsnn,West Ruthhaven,They ask just about.
666,Bartlett-Bell,East Todd,Itself try voice.
667,whrnirwoac,Unknown123,###
668,realnuigqn,North Brandon,Range attention.
669,Green Ltd,Thompsonburgh,Few act message.
670,ecohggxfip,Sandersstad,Guy girl authority.
671,mdehfdwkoj,Unknown123,Leave design peace.
672,Simpson Group,Barkertown,###
673,xlczgyvpvl,Unknown123,###
674,lmgdwowmgt,Unknown123,###
675,treqcgrnet,Unknown123,City surface.
676,"Ball, Rodriguez and Palmer",Unknown123,Sit administration.
677,Nelson-Lynn,Unknown123,###
678,"Smith, Gregory and Patterson",Unknown123,###
679,"Rangel, Browning and Foster",West Joseph,Glass expect lose.
680,Cowan Group,West Kristyview,Lawyer very forward.
681,Webster Ltd,South David,Measure reach.
682,Douglas Inc,Unknown123,###
683,Lopez-Jenkins,Unknown123,Catch listen put.
684,Glenn Group,Unknown123,Help continue treat.
685,pogeyqxmmp,Lake Heidi,###
686,"Frazier, Davenport and White",Unknown123,I window time.
687,Hardy Ltd,Unknown123,###
688,lcyjbnptsp,Kevinbury,###
689,"Davies, Patel and Barker",Unknown123,###
690,Payne and Sons,Taylorshire,Tree nothing turn.
691,"Gonzalez, Spencer and Swanson",Unknown123,###
692,Serrano-Lee,Unknown123,Catch house nearly.
693,tzkgxwprgd,Unknown123,Drug thank program.
694,"Velez, Collins and Nelson",Melissaburgh,Artist white edge.
695,"Ramos, Dominguez and Martinez",Unknown123,White clear home.
696,"Moore, Mcintosh and Campbell",Unknown123,###
697,lhxuwphvtc,Martinezbury,###
698,odpvpfmpyd,Unknown123,Occur why however.
699,Malone Ltd,Wheelerview,###
700,"Dominguez, Davis and Suarez",Unknown123,Production by.
701,kyttsgsnal,South Cheyennechester,###
702,Fisher-Cook,Unknown123,Economy direction.
703,Fernandez PLC,Unknown123,###
704,tbmegveayd,Unknown123,###
705,Edwards-Hernandez,Unknown123,Election all.
706,"Mora, Underwood and Hall",Unknown123,###
707,ddrfegswtm,Unknown123,###
708,rakrzyxvrl,Mckeefort,Strong method.
709,uuqkjleido,Anthonyville,Yard peace wait.
710,"Robinson, Lowe and Smith",Mayoview,###
711,Washington-Jones,New Joshuatown,If medical size.
712,Romero and Sons,Diazberg,To environment let.
713,ztbzffsrhd,Unknown123,Would top special.
714,Keith Group,Harrisfurt,Able see her.
715,hyspnzgcyh,North Michellechester,###
716,suzienqwsf,Unknown123,###
717,Harris Inc,Unknown123,Appear former.
718,"Gonzales, Singh and Kelly",Unknown123,Fear green use.
719,dzsspygdyi,Port Amanda,###
720,qsuigcfrcy,Vancemouth,###
721,jzymruqirh,East Anthonymouth,###
722,Lynn PLC,New Drew,New question other.
723,mkmkwygiri,Johnberg,Somebody many.
724,"Weber, Wilson and Carr",West Erin,Data herself.
725,Burns-Rivas,Keithfort,Exactly impact.
726,Smith-Owens,Unknown123,Since yourself.
727,"Daniel, Hayes and Jones",Unknown123,###
728,Walters LLC,Stewartbury,###
729,Delgado-Hernandez,Sanchezshire,###
730,jzjehtzdtn,Hansenberg,###
731,silgptgkfa,Unknown123,Forget create dog.
732,Ortega Group,New Veronicashire,###
733,Stewart PLC,Unknown123,Threat guy beat all.
734,opbnuagmcg,Unknown123,Knowledge edge.
735,Allison-Adams,Craigfurt,Suggest help year.
736,Jacobs and Sons,Port Reginabury,###
737,"Rogers, Gonzalez and Johnson",Unknown123,###
738,krtbbeiqym,Port Dustin,###
739,Johnston-Byrd,South Chelsea,###
740,Snyder Inc,Lake Lauren,###
741,bbvgffsrra,Unknown123,###
742,Byrd and Sons,Unknown123,###
743,ajbnbjaych,East Tinaberg,Evidence east.
744,jsxhlapjuo,Johnsonmouth,By ask us today.
745,Jones-Carlson,North Charles,Read fear girl.
746,Reid and Sons,Unknown123,###
747,lznppazmnh,Unknown123,Side candidate by.
748,kbuukcckbl,Unknown123,Capital on sit his.
749,trawcsvpsw,Unknown123,###
750,pzpvueznnc,Dianemouth,Real nothing.
751,erymzekrey,Unknown123,Hot sense born.
752,"Mills, Williams and Taylor",Whiteside,Create admit idea.
753,Perez Ltd,Unknown123,Himself and member.
754,iolnxiunog,Unknown123,###
755,Adams-Fernandez,North William,###
756,Khan Ltd,Steinland,Cut group trip nor.
757,Webster-Lawrence,Carlachester,###
758,lgublvboiq,Unknown123,Article three unit.
759,uayjjkxfgd,Adamsburgh,Six safe chance.
760,rcvvgxllzz,Unknown123,Sister final.
761,Daniel Ltd,South Amyfort,Until entire down.
762,Thomas Group,Unknown123,###
763,Johnson-Hamilton,Unknown123,Kid stay factor.
764,igcshmqxfh,Carolyntown,###
765,Smith PLC,Johnsonbury,###
766,Martinez Inc,Unknown123,###
767,Reed LLC,Lake Darius,Store admit region.
768,Garcia LLC,Unknown123,Per full successful.
769,Robinson Inc,Unknown123,###
770,kdwojpiugz,Unknown123,###
771,gzkonpgajs,Jenniferburgh,###
772,vhwthoutgk,Ronaldhaven,Particular wind.
773,Kaufman Inc,Unknown123,Officer parent.
774,nvplaaodjz,Unknown123,Set billion.
775,"Fields, Chang and Rodriguez",Unknown123,###
776,Rodriguez PLC,Port Kathrynfurt,Certainly campaign.
777,Swanson-Mccarty,Unknown123,###
778,dqbujzjouh,Anthonyberg,###
779,Cole-Freeman,Mcgeeton,###
780,Munoz PLC,Rogersberg,Away foreign fly.
781,Cox-Watson,East Carolstad,Yet class share.
782,Wagner-James,Hortonport,###
783,Lewis Group,Unknown123,Catch bad according.
784,zyezroatgx,Vazquezside,Practice see.
785,arimikbhdx,South Jessicaton,Evening allow film.
786,Harris Inc,Lake Dawnville,Yeah them matter.
787,ytiaudberl,New Joseton,###
788,Sutton Inc,New Colinville,Smile collection.
789,Perry-Rivas,Unknown123,###
790,Johnson-Hall,Unknown123,###
791,Howe-Foster,Unknown123,Low already involve.
792,pjnjdiajeq,Michaelfurt,North community.
793,lqtbgpudth,Unknown123,Magazine team.
794,"Smith, Fisher and Ayers",Craighaven,Recently then laugh.
795,"Stewart, Galloway and Smith",Unknown123,###
796,rjnebreyrd,West Kevinside,Mrs court example.
797,Martin-Huff,Unknown123,###
798,sjoblodtbp,Unknown123,###
799,msyjbzjwrm,New Angelashire,###
800,Spencer PLC,South Michael,###
801,yzgihnhoke,Unknown123,###
802,Cunningham-Garcia,Unknown123,Mrs beat about.
803,Mckinney LLC,Unknown123,###
804,elzvnvtyvz,Johnsonside,###
805,"Khan, Carroll and Martinez",Unknown123,Clear town yes.
806,"Nixon, Sanchez and Roberts",Lake Jefferyshire,###
807,ckgpbjhuwd,Hannahmouth,Really blood.
808,"Wagner, Dixon and Davis",Unknown123,###
809,rfnihvwccu,Unknown123,Heavy court moment.
810,Walsh-Hamilton,Unknown123,###
811,ayjaganube,Timothyshire,###
812,Burnett-Joseph,New Erica,Sing couple blood.
813,goeouyrury,Unknown123,###
814,jqhixfbutd,Wilsonville,###
815,Owens-Reyes,Port Elizabeth,###
816,Yang-Mays,Unknown123,###
817,Peters and Sons,Unknown123,###
818,bfebnvvmeo,Unknown123,###
819,xjlmmonpgl,Nicholaston,###
820,Wilson Inc,Unknown123,Hour real son.
821,wsxzjsxakt,South Zachary,###
822,"Nichols, Aguilar and Huber",Unknown123,Interview level age.
823,"Garrett, Brown and Nelson",Unknown123,###
824,debtudicoh,Hudsonhaven,###
825,Rogers-Jensen,Unknown123,###
826,Sanders-Rogers,New Joseph,Bit authority thing.
827,Cooper-Francis,Joycetown,Manage movie they.
828,ucvturmjze,Unknown123,###
829,mwfrzpmfoa,Unknown123,Economic describe.
830,ebqedyauww,South Kellyberg,###
831,Woods Ltd,Unknown123,###
832,isriwhniwh,Thompsonview,Well anything city.
833,"Blackburn, Love and Martin",Toddville,###
834,lsbbqfbtwy,Unknown123,Woman sort thousand.
835,Cummings Inc,East John,###
836,nsnnomreci,Unknown123,###
837,Rivas Ltd,Port Matthew,Their yes well him.
838,"Bailey, Flores and Pruitt",Unknown123,###
839,cpddtpxbce,Unknown123,###
840,Davidson Group,Johnsonborough,###
841,Hurley-Welch,Unknown123,###
842,Campbell Ltd,Robertstad,Hope many do yet.
843,"Douglas, Roberts and Weaver",New Kaylashire,###
844,eyrbhixthx,New Jeffrey,###
845,Gray-Thompson,Boydview,###
846,vuhplntsgm,Lake Philip,###
847,gxjpandbow,Unknown123,###
848,boboceqchz,Unknown123,Both everybody.
849,"White, Barber and Ray",Unknown123,Smile door bit.
850,"Hicks, Russell and Fritz",North Kelly,Seven left science.
851,Barry-Rubio,Unknown123,###
852,Holt-Gonzalez,Unknown123,###
853,"Walsh, Rivera and Carter",Unknown123,###
854,ghlplnyfzt,North Cameron,###
855,xwxheftdjd,Unknown123,###
856,"Mitchell, Smith and Rodriguez",Ambershire,Admit main nearly.
857,ljlpkdvgtx,Katiemouth,###
858,Anderson PLC,Ryanton,Day perform allow.
859,"Shannon, Velasquez and Miller",Unknown123,Away different.
860,ibxgomeevm,Unknown123,National reveal.
861,lcrzqiagww,Millerfurt,###
862,hyynarzzjm,Unknown123,###
863,ahuufepapm,Unknown123,Another continue.
864,hjrbqkfhlm,Unknown123,Art story evening.
865,fbqfpqavpn,Unknown123,Manage result wear.
866,Tucker PLC,Lake Steven,Make down pay table.
867,fpnypralcm,North Kaitlyn,Both experience.
868,pqdozqkfck,Unknown123,###
869,Medina Group,Unknown123,###
870,"Davis, Kelly and Padilla",New Loretta,###
871,"Garcia, Rodriguez and Johnson",Unknown123,National certainly.
872,Carroll-Taylor,Lake Chad,###
873,Wilkins-Chan,Unknown123,Field north radio.
874,tqgmymglpi,New Maria,###
875,"Wood, Ellis and Manning",Cunninghamborough,###
876,jadnlyimwm,East Carol,Matter remember.
877,ugiumyhdcs,Port Robertstad,###
878,Robertson Ltd,Unknown123,Half produce hit.
879,qzzbliwngn,Unknown123,###
880,jirwjoftgh,Unknown123,Unit anything.
881,dblyfuqozn,Unknown123,###
882,nmmbbcwkxo,Unknown123,###
883,sqomdrnqoc,Unknown123,Save growth argue.
884,Graves-Roy,Unknown123,###
885,Greene-Stevens,Unknown123,Seat image.
886,Murphy-Clay,Port Sonyaborough,Put behavior letter.
887,Jones Inc,Unknown123,###
888,mjqphyfein,Unknown123,###
889,hswdnctpqx,Taylorstad,Tend tend while own.
890,Benson-Ellis,Port Tammymouth,###
891,"Freeman, Davis and Gray",Unknown123,Thus inside.
892,phtetdyyiw,Unknown123,###
893,xghxskafnb,Unknown123,Training affect.
894,tutctwvfet,Unknown123,Student media share.
895,stnqomptox,Brandonfurt,Religious employee.
896,iesyofnwzs,Unknown123,Character stock law.
897,Hall PLC,Unknown123,###
898,"Brown, White and Galvan",Lake Jenniferborough,###
899,"Richardson, Lucas and Roberts",Unknown123,###
900,siuaoulcwk,Unknown123,Condition job never.
901,"Davidson, Kane and Sanchez",Unknown123,Look future report.
902,byyntcexpm,Millerburgh,###
903,"Clark, Perry and Ramirez",Unknown123,###
904,"Williams, Patrick and Smith",Unknown123,###
905,rwhjbtufhq,Richardport,Indeed fly push.
906,"Williams, Boyle and Stafford",Port Howardburgh,Alone shoulder.
907,lsmnftrxnw,Patriciaburgh,###
908,idnpnkjxbm,Lake Mitchell,Note seek address.
909,Schroeder-Smith,Unknown123,###
910,"Ward, Jackson and Carroll",Hamptonberg,Color keep.
911,xxrdoetstp,Unknown123,###
912,"Lopez, Young and Smith",Unknown123,###
913,Cortez-Myers,Elizabethmouth,###
914,hfqtzlkxap,Unknown123,Community approach.
915,fyuqgzggly,Unknown123,###
916,Smith and Sons,Unknown123,###
917,raojbceter,Rodriguezbury,Sense source price.
918,iqbqiefonu,Unknown123,###
919,bdnzyceane,East Zacharychester,Rule miss sign sure.
920,lwnntjgvpb,Kingview,Exist woman should.
921,Page and Sons,Port Garrett,###
922,Davis Ltd,Marybury,###
923,naywqmixfn,Clarkville,###
924,"Herrera, Kent and Mcintyre",East Dwayne,Degree police keep.
925,nmsnbnfvtj,Amandafort,###
926,"Hill, Booker and Bennett",Brownbury,Newspaper focus.
927,unshlojodv,Unknown123,###
928,Brady PLC,Unknown123,###
929,ykafmmwiph,New Kyletown,###
930,Hernandez Group,Unknown123,Type billion lead.
931,Fisher-Moore,Lake Amanda,###
932,Love-Dean,Unknown123,###
933,sdqmxapsnu,Reyesfort,Control until green.
934,Garcia-Sullivan,Ronaldton,Source reality.
935,Robinson-Barnes,Unknown123,Camera represent.
936,wviiscyaoe,North Laurafurt,On worker accept.
937,Thomas Ltd,Unknown123,Cover stay allow.
938,Ferguson-Suarez,Unknown123,Stuff across star.
939,olimmqukbu,Unknown123,###
940,joaqutbqiw,Port Roger,###
941,Barber-Myers,Velezhaven,###
942,onvfzwxbjy,Unknown123,###
943,"Fowler, Woods and Lewis",Unknown123,###
944,"Arroyo, Smith and Mckenzie",Unknown123,Our product up tax.
945,Sparks Group,West Monicamouth,###
946,"Hernandez, Kidd and Kelly",Michaelchester,###
947,mscptqkagp,Lake Jason,###
948,Anderson Inc,West Kelseyberg,Although religious.
949,Mitchell Ltd,East Debraborough,Safe task old born.
950,Stephens and Sons,Unknown123,###
951,jpdtlvdgxb,Monicaport,###
952,kzjwphexgy,Unknown123,Store beat prevent.
953,"Crawford, Caldwell and Medina",New Amandafort,###
954,Sanders and Sons,Sethberg,Management white.
955,krnbwradgq,Shaneshire,Culture life more.
956,bnclshiglp,Unknown123,###
957,Townsend-Black,Unknown123,Plan scientist bit.
958,Dawson-Peterson,Unknown123,###
959,ouinauujwt,Alexandratown,###
960,fncvzbixwx,Port Darrenland,###
961,aaafuorbsw,Lake Amanda,Professional none.
962,Baker Inc,New Mason,###
963,soguvdgzxx,New Michelle,Ever easy magazine.
964,kpxrlccydl,Ashleyton,Short defense art.
965,ldsneubvbk,Unknown123,Or my charge.
966,nvyfbvclcc,Ronaldchester,Big friend finally.
967,Sharp-Bailey,East Pamelaville,Those garden role.
968,"Schmidt, Stein and Brown",New Rebeccamouth,For college radio.
969,"Santiago, Sullivan and Roth",Kathyville,Base speak it able.
970,jnznjaghuh,Unknown123,Much mother away.
971,Boyd PLC,Unknown123,###
972,atrynxpnox,Perkinsbury,###
973,vpjgdqqlfp,New Benjaminland,Production or long.
974,hekridiich,Unknown123,Other always.
975,zhmrntygvp,East Kimberlytown,Pick modern pattern.
976,Weeks-Morris,Unknown123,Sign last behavior.
977,bnyxzsvpiz,Unknown123,Sing discover.
978,whwzlnndhv,New Anthonyside,###
979,jnpglcwweo,Franklinville,###
980,ditcztftjf,Williamborough,###
981,Curry-Wagner,Unknown123,Grow often team.
982,Gomez PLC,West April,###
983,Green-Martin,Unknown123,Just include power.
984,gsjipqmghm,Unknown123,Wear better.
985,Scott Ltd,Jonesport,###
986,zwnehjascl,South Madisonview,Either adult large.
987,obkcxfzbuo,Mossland,Yard store indicate.
988,Cooper Group,Romeroberg,###
989,Smith-Rice,East Jose,###
990,Knight-Bailey,Hollyport,###
991,dwgqlbghfc,Unknown123,Daughter state road.
992,"Scott, Fowler and Lewis",Unknown123,###
993,Snow-Jones,Unknown123,Air write few.
994,lsuhrwevmf,South Amy,###
995,wauvideklj,Unknown123,Pretty do both.
996,Mcgrath-Wilkinson,Unknown123,Crime it major.
997,zhhagbzgev,Maryland,###
998,onejxvhrtx,Unknown123,Wall everyone.
999,brzegvjslg,East Troy,###
1000,"Brooks, Williams and Owen",Unknown123,###
